{"cameraMode":{"drawMode":0,"name":"Shaded","section":"Shading Mode"},"sceneLighting":true,"audioPlay":false,"sceneViewState":{"m_AlwaysRefresh":false,"showFog":true,"showSkybox":true,"showFlares":true,"showImageEffects":true,"showParticleSystems":true,"showVisualEffectGraphs":true,"m_FxEnabled":true},"in2DMode":false,"pivot":{"x":1.2655613422393799,"y":1.0554789304733277,"z":-3.9061038494110109},"rotation":{"x":-0.06076935678720474,"y":0.5879595279693604,"z":-0.04436207562685013,"w":-0.8053905367851257},"size":6.963501453399658,"orthographic":false}