{"cameraMode":{"drawMode":0,"name":"Shaded","section":"Shading Mode"},"sceneLighting":false,"audioPlay":false,"sceneViewState":{"m_AlwaysRefresh":false,"showFog":true,"showSkybox":false,"showFlares":true,"showImageEffects":true,"showParticleSystems":true,"showVisualEffectGraphs":true,"m_FxEnabled":true},"in2DMode":false,"pivot":{"x":0.13199998438358308,"y":0.7000000476837158,"z":-2.1967623233795168},"rotation":{"x":-0.16690729558467866,"y":0.26752418279647829,"z":-0.047110363841056827,"w":-0.947816014289856},"size":0.8660253882408142,"orthographic":false}